2026-02-20 10:23:56.808927,0|H0STASP0|001|005930^122356^0^188800^188900^189000^189100^189200^189300^189400^189500^189600^189700^188700^188600^188500^188400^188300^188200^188100^188000^187900^187800^4684^10597^18061^9936^21807^1168^3666^26104^1729^7669^52426^76721^162980^62469^26053^21340^45673^143036^10418^12189^105421^613305^0^0^0^0^628899^-190000^5^-100.00^12927581^-45^126^0^0^0^188750^0^0
2026-02-20 10:23:57.052071,0|H0STASP0|001|005930^122356^0^188800^188900^189000^189100^189200^189300^189400^189500^189600^189700^188700^188600^188500^188400^188300^188200^188100^188000^187900^187800^1354^10597^18061^9936^21807^1168^3666^26104^1729^7669^52618^76728^162985^62470^26053^21340^45673^143037^10418^12189^102091^613511^0^0^0^0^628899^-190000^5^-100.00^12930918^-56^9^0^0^0^188750^0^0
2026-02-20 10:23:57.225864,0|H0STASP0|001|005930^122357^0^188900^189000^189100^189200^189300^189400^189500^189600^189700^189800^188800^188700^188600^188500^188400^188300^188200^188100^188000^187900^10597^18061^9936^20332^1168^3666^26104^1729^7669^13422^1194^52607^76728^162985^62470^26054^21340^45673^143037^10418^112684^602506^0^0^0^0^628899^-190000^5^-100.00^12932842^10057^-11030^0^0^0^188850^0^0
2026-02-20 10:23:57.488051,0|H0STASP0|001|005930^122357^0^188900^189000^189100^189200^189300^189400^189500^189600^189700^189800^188800^188700^188600^188500^188400^188300^188200^188100^188000^187900^4094^13806^10270^20332^1000^3666^26104^1729^7669^13422^4932^47102^76731^162997^62470^26054^21340^45673^143042^10418^102092^600759^0^0^0^0^628899^-190000^5^-100.00^12934748^-2750^731^0^0^0^188850^0^0
2026-02-20 10:23:57.661594,0|H0STASP0|001|005930^122357^0^188900^189000^189100^189200^189300^189400^189500^189600^189700^189800^188800^188700^188600^188500^188400^188300^188200^188100^188000^187900^4068^10805^13271^20332^1000^3666^26104^1729^7669^13422^24096^27640^76730^159327^62495^26055^21340^45673^143038^10418^102066^596812^0^0^0^0^628899^-190000^5^-100.00^12935418^-25^33^0^0^0^188850^0^0
2026-02-20 10:23:57.929856,0|H0STASP0|001|005930^122357^0^188900^189000^189100^189200^189300^189400^189500^189600^189700^189800^188800^188700^188600^188500^188400^188300^188200^188100^188000^187900^6334^16806^7129^20332^1000^3666^26104^1729^7669^13422^4826^48120^76729^159328^62494^26055^21339^45674^143039^10418^104191^598022^0^0^0^0^628899^-190000^5^-100.00^12935418^2126^964^0^0^0^188850^0^0
2026-02-20 10:23:58.071318,0|H0STASP0|001|005930^122357^0^188900^189000^189100^189200^189300^189400^189500^189600^189700^189800^188800^188700^188600^188500^188400^188300^188200^188100^188000^187900^7131^17806^6128^20332^1000^3666^26104^1729^7669^13422^2069^48189^76739^159328^62494^26056^21339^45673^143040^10418^104987^595345^0^0^0^0^628899^-190000^5^-100.00^12935418^797^34^0^0^0^188850^0^0
2026-02-20 10:23:58.303116,0|H0STASP0|001|005930^122358^0^188900^189000^189100^189200^189300^189400^189500^189600^189700^189800^188800^188700^188600^188500^188400^188300^188200^188100^188000^187900^7051^17821^6128^20332^1000^3666^26104^1729^7669^13436^2394^48153^76749^159380^62536^26058^21339^45673^143040^10418^104936^595740^0^0^0^0^628899^-190000^5^-100.00^12935500^15^174^0^0^0^188850^2^2
2026-02-20 10:23:58.490456,0|H0STASP0|001|005930^122358^0^188900^189000^189100^189200^189300^189400^189500^189600^189700^189800^188800^188700^188600^188500^188400^188300^188200^188100^188000^187900^7051^17821^6128^20333^1000^3666^26104^1729^7669^13436^2505^48152^76749^159485^62546^26058^21339^45673^143040^10418^104937^595965^0^0^0^0^628899^-190000^5^-100.00^12935500^1^62^0^0^0^188850^2^2
2026-02-20 10:23:58.716360,0|H0STASP0|001|005930^122358^0^188900^189000^189100^189200^189300^189400^189500^189600^189700^189800^188800^188700^188600^188500^188400^188300^188200^188100^188000^187900^7011^17876^6128^20333^1000^3666^26104^1729^7669^13436^2625^48194^76749^159490^62547^26058^21339^45674^143052^10418^104952^596146^0^0^0^0^628899^-190000^5^-100.00^12935500^15^87^0^0^0^188850^2^2
2026-02-20 10:23:58.954871,0|H0STASP0|001|005930^122358^0^188900^189000^189100^189200^189300^189400^189500^189600^189700^189800^188800^188700^188600^188500^188400^188300^188200^188100^188000^187900^7010^17876^6128^20333^1000^3666^26106^1729^7669^13436^2730^48218^76749^159505^62557^26058^21339^45674^143052^10418^104953^596300^0^0^0^0^628899^-190000^5^-100.00^12935501^1^88^0^0^0^188850^2^2
2026-02-20 10:23:59.139551,0|H0STASP0|001|005930^122359^0^188900^189000^189100^189200^189300^189400^189500^189600^189700^189800^188800^188700^188600^188500^188400^188300^188200^188100^188000^187900^6987^17876^6128^20333^1000^3666^26106^1729^7669^13436^13518^48268^76749^159517^62557^26058^21339^45674^143052^10418^104930^607150^0^0^0^0^628899^-190000^5^-100.00^12935524^-23^10768^0^0^0^188850^2^2
2026-02-20 10:23:59.326202,0|H0STASP0|001|005930^122359^0^188900^189000^189100^189200^189300^189400^189500^189600^189700^189800^188800^188700^188600^188500^188400^188300^188200^188100^188000^187900^6987^17876^6128^20333^1000^3666^26106^1729^7669^13436^13949^47980^76752^159535^62557^26058^21339^45674^143042^10418^104930^607304^0^0^0^0^628899^-190000^5^-100.00^12935524^0^113^0^0^0^188850^2^2
2026-02-20 10:23:59.563581,0|H0STASP0|001|005930^122359^0^188900^189000^189100^189200^189300^189400^189500^189600^189700^189800^188800^188700^188600^188500^188400^188300^188200^188100^188000^187900^7022^17876^6128^20333^1000^3675^26106^1729^7669^13436^13953^47989^76743^159635^62557^26058^21339^45674^143042^10418^104974^607408^0^0^0^0^628899^-190000^5^-100.00^12935524^44^104^0^0^0^188850^2^2
2026-02-20 10:23:59.752287,0|H0STASP0|001|005930^122359^0^188900^189000^189100^189200^189300^189400^189500^189600^189700^189800^188800^188700^188600^188500^188400^188300^188200^188100^188000^187900^7020^17876^6115^20333^1000^3675^26106^1729^7669^13436^14161^48120^76739^159651^62557^26058^21339^45674^143042^10419^104959^607760^0^0^0^0^628899^-190000^5^-100.00^12935539^0^48^0^0^0^188850^0^0
2026-02-20 10:23:59.970689,0|H0STASP0|001|005930^122359^0^188900^189000^189100^189200^189300^189400^189500^189600^189700^189800^188800^188700^188600^188500^188400^188300^188200^188100^188000^187900^7019^17876^6115^20333^1000^3675^26106^1729^7669^13436^13443^48202^76720^159682^62559^26058^21339^45673^143042^10419^104958^607137^0^0^0^0^628899^-190000^5^-100.00^12936381^0^209^0^0^0^188850^0^0
2026-02-20 10:24:00.169657,0|H0STASP0|001|005930^122400^0^188900^189000^189100^189200^189300^189400^189500^189600^189700^189800^188800^188700^188600^188500^188400^188300^188200^188100^188000^187900^7009^17876^6115^20333^1000^3675^26106^1729^7669^13436^13521^48202^76720^159684^62579^26058^21339^45673^143042^10419^104948^607237^0^0^0^0^628899^-190000^5^-100.00^12936391^-10^90^0^0^0^188850^0^0
2026-02-20 10:24:00.379186,0|H0STASP0|001|005930^122400^0^188900^189000^189100^189200^189300^189400^189500^189600^189700^189800^188800^188700^188600^188500^188400^188300^188200^188100^188000^187900^7009^17887^6115^20333^1000^3675^26106^1729^7669^13436^15282^48227^76724^159679^62589^26058^21351^45673^143042^10419^104959^609044^0^0^0^0^628899^-190000^5^-100.00^12936391^11^1807^0^0^0^188850^0^0
2026-02-20 10:24:00.597094,0|H0STASP0|001|005930^122400^0^188900^189000^189100^189200^189300^189400^189500^189600^189700^189800^188800^188700^188600^188500^188400^188300^188200^188100^188000^187900^7010^17887^6115^20333^1000^3675^26106^1729^7669^13436^15325^48239^76734^159726^62589^26058^21346^45673^143107^10419^104960^609216^0^0^0^0^628899^-190000^5^-100.00^12936392^1^135^0^0^0^188850^0^0
2026-02-20 10:24:00.801792,0|H0STASP0|001|005930^122400^0^188900^189000^189100^189200^189300^189400^189500^189600^189700^189800^188800^188700^188600^188500^188400^188300^188200^188100^188000^187900^7005^17887^6115^20333^1000^3675^26106^1729^7709^13436^15510^48240^76734^159726^62599^26088^21346^45673^143105^10419^104995^609440^0^0^0^0^628899^-190000^5^-100.00^12936397^-5^190^0^0^0^188850^0^0
2026-02-20 10:24:01.011051,0|H0STASP0|001|005930^122400^0^188900^189000^189100^189200^189300^189400^189500^189600^189700^189800^188800^188700^188600^188500^188400^188300^188200^188100^188000^187900^7003^17887^6115^20333^1000^3675^26106^1729^7709^13436^15553^48240^76715^159740^62621^26091^21346^45624^143115^10419^104993^609464^0^0^0^0^628899^-190000^5^-100.00^12936399^-1^-17^0^0^0^188850^0^0
2026-02-20 10:24:01.295114,0|H0STASP0|001|005930^122401^0^188900^189000^189100^189200^189300^189400^189500^189600^189700^189800^188800^188700^188600^188500^188400^188300^188200^188100^188000^187900^6986^17887^6576^20333^1000^3675^26106^1729^7709^13436^15581^48511^76665^159751^62621^26091^21346^45674^143115^10419^105437^609774^0^0^0^0^628899^-190000^5^-100.00^12936416^0^4^0^0^0^188850^0^0
2026-02-20 10:24:01.604735,0|H0STASP0|001|005930^122401^0^188900^189000^189100^189200^189300^189400^189500^189600^189700^189800^188800^188700^188600^188500^188400^188300^188200^188100^188000^187900^6986^17887^6576^20333^1000^3675^26106^1729^7709^13436^15583^48511^76673^159756^62621^26091^21346^45674^143115^10419^105437^609789^0^0^0^0^628899^-190000^5^-100.00^12936416^0^1^0^0^0^188850^0^0
2026-02-20 10:24:01.708185,0|H0STASP0|001|005930^122401^0^188900^189000^189100^189200^189300^189400^189500^189600^189700^189800^188800^188700^188600^188500^188400^188300^188200^188100^188000^187900^6979^17887^6576^20333^1000^3675^26106^1729^7709^13436^15624^48511^76661^159762^62621^26091^21346^45674^143115^10419^105430^609824^0^0^0^0^628899^-190000^5^-100.00^12936424^1^20^0^0^0^188850^0^0
2026-02-20 10:24:01.852151,0|H0STASP0|001|005930^122401^0^188900^189000^189100^189200^189300^189400^189500^189600^189700^189800^188800^188700^188600^188500^188400^188300^188200^188100^188000^187900^6958^17887^6576^20333^1000^3675^26106^1729^7709^13436^15760^48522^76662^159765^62621^26091^21346^45696^143115^10419^105409^609997^0^0^0^0^628899^-190000^5^-100.00^12936445^-20^25^0^0^0^188850^0^0
2026-02-20 10:24:02.119896,0|H0STASP0|001|005930^122401^0^188900^189000^189100^189200^189300^189400^189500^189600^189700^189800^188800^188700^188600^188500^188400^188300^188200^188100^188000^187900^6958^17887^6574^20333^1000^3675^26106^1729^7709^13436^15803^48533^76662^159762^62621^26091^21346^45696^143120^10419^105407^610053^0^0^0^0^628899^-190000^5^-100.00^12936447^0^33^0^0^0^188850^0^0
2026-02-20 10:24:02.287235,0|H0STASP0|001|005930^122402^0^188900^189000^189100^189200^189300^189400^189500^189600^189700^189800^188800^188700^188600^188500^188400^188300^188200^188100^188000^187900^6996^17887^6574^20333^1000^3675^26106^1729^7710^13436^16170^48275^76667^159765^62621^26091^21346^45696^143120^10419^105446^610170^0^0^0^0^628899^-190000^5^-100.00^12936448^40^69^0^0^0^188850^0^0
2026-02-20 10:24:02.482647,0|H0STASP0|001|005930^122402^0^188900^189000^189100^189200^189300^189400^189500^189600^189700^189800^188800^188700^188600^188500^188400^188300^188200^188100^188000^187900^6984^17887^6574^20333^1000^3675^26106^1729^7710^13436^16251^48276^76716^159791^62621^26091^21346^45699^143120^10419^105434^610330^0^0^0^0^628899^-190000^5^-100.00^12936461^-10^68^0^0^0^188850^0^0
2026-02-20 10:24:02.693886,0|H0STASP0|001|005930^122402^0^188900^189000^189100^189200^189300^189400^189500^189600^189700^189800^188800^188700^188600^188500^188400^188300^188200^188100^188000^187900^7020^17887^6574^20333^1000^3675^26106^1729^7710^13436^16383^48426^76716^159826^62636^26091^21346^45699^143130^10419^105470^610672^0^0^0^0^628899^-190000^5^-100.00^12936461^36^173^0^0^0^188850^0^0
2026-02-20 10:24:02.903452,0|H0STASP0|001|005930^122402^0^188900^189000^189100^189200^189300^189400^189500^189600^189700^189800^188800^188700^188600^188500^188400^188300^188200^188100^188000^187900^7018^10886^13576^20333^1000^3675^26106^1729^7710^13436^39935^27964^76716^159828^62636^26091^21345^45699^143141^10419^105469^613774^0^0^0^0^628899^-190000^5^-100.00^12936463^1^3088^0^0^0^188850^0^0
2026-02-20 10:24:03.114935,0|H0STASP0|001|005930^122402^0^188900^189000^189100^189200^189300^189400^189500^189600^189700^189800^188800^188700^188600^188500^188400^188300^188200^188100^188000^187900^7005^10886^13576^20333^1000^3675^26106^1729^7710^13436^40596^27516^76716^159857^62584^26011^21345^45699^143141^10419^105456^613884^0^0^0^0^628899^-190000^5^-100.00^12936524^-13^132^0^0^0^188850^0^0
2026-02-20 10:24:03.324504,0|H0STASP0|001|005930^122403^0^188900^189000^189100^189200^189300^189400^189500^189600^189700^189800^188800^188700^188600^188500^188400^188300^188200^188100^188000^187900^7009^11386^13576^20333^1000^3675^26106^1729^7710^13436^40615^27534^76716^159957^62586^26011^21345^45705^143141^10419^105960^614029^0^0^0^0^628899^-190000^5^-100.00^12936547^4^-1^0^0^0^188850^0^0
2026-02-20 10:24:03.537915,0|H0STASP0|001|005930^122403^0^188900^189000^189100^189200^189300^189400^189500^189600^189700^189800^188800^188700^188600^188500^188400^188300^188200^188100^188000^187900^6903^11387^13576^20333^1000^3675^26106^1729^7710^13436^40647^27554^76716^159961^62597^26011^21345^45705^143144^10419^105855^614099^0^0^0^0^628899^-190000^5^-100.00^12936653^1^37^0^0^0^188850^0^0
2026-02-20 10:24:03.747007,0|H0STASP0|001|005930^122403^0^188900^189000^189100^189200^189300^189400^189500^189600^189700^189800^188800^188700^188600^188500^188400^188300^188200^188100^188000^187900^6875^11387^13576^20333^1000^3675^26106^1729^7710^13436^40707^27561^76714^159971^62597^26007^21344^45705^143144^10419^105827^614169^0^0^0^0^628899^-190000^5^-100.00^12936682^-29^65^0^0^0^188850^0^0
2026-02-20 10:24:03.991935,0|H0STASP0|001|005930^122403^0^188900^189000^189100^189200^189300^189400^189500^189600^189700^189800^188800^188700^188600^188500^188400^188300^188200^188100^188000^187900^6803^11386^13576^20333^1000^3675^26106^1729^7710^13436^40804^27539^76716^159972^62599^26007^21354^45687^143144^10419^105754^614241^0^0^0^0^628899^-190000^5^-100.00^12936754^-2^15^0^0^0^188850^0^0
2026-02-20 10:24:04.192712,0|H0STASP0|001|005930^122404^0^188900^189000^189100^189200^189300^189400^189500^189600^189700^189800^188800^188700^188600^188500^188400^188300^188200^188100^188000^187900^6843^11386^13576^20333^1000^3675^26106^1729^7710^13436^40904^27590^76716^159972^62599^26007^21354^45687^143144^10419^105794^614392^0^0^0^0^628899^-190000^5^-100.00^12936783^55^99^0^0^0^188850^0^0
2026-02-20 10:24:04.386902,0|H0STASP0|001|005930^122404^0^188900^189000^189100^189200^189300^189400^189500^189600^189700^189800^188800^188700^188600^188500^188400^188300^188200^188100^188000^187900^6895^11386^13576^20333^1000^3675^26106^1729^7710^13436^40959^27821^76715^159982^62549^26007^21354^45747^143196^10419^105846^614749^0^0^0^0^628899^-190000^5^-100.00^12936783^52^121^0^0^0^188850^0^0
2026-02-20 10:24:04.583975,0|H0STASP0|001|005930^122404^0^188900^189000^189100^189200^189300^189400^189500^189600^189700^189800^188800^188700^188600^188500^188400^188300^188200^188100^188000^187900^6928^11386^13576^20333^1000^3675^26106^1729^7710^13436^40965^27832^76715^159982^62549^26007^21354^45747^143197^10419^105879^614767^0^0^0^0^628899^-190000^5^-100.00^12936786^34^17^0^0^0^188850^0^0
2026-02-20 10:24:04.823782,0|H0STASP0|001|005930^122404^0^188900^189000^189100^189200^189300^189400^189500^189600^189700^189800^188800^188700^188600^188500^188400^188300^188200^188100^188000^187900^6922^11386^13576^20333^1000^3675^26106^1729^7711^13436^41088^27895^76714^159979^62551^26007^21353^45747^143197^10419^105874^614950^0^0^0^0^628899^-190000^5^-100.00^12936792^0^112^0^0^0^188850^0^0
2026-02-20 10:24:05.009688,0|H0STASP0|001|005930^122404^0^188900^189000^189100^189200^189300^189400^189500^189600^189700^189800^188800^188700^188600^188500^188400^188300^188200^188100^188000^187900^6949^11386^13576^20333^1000^3675^26106^1729^7711^13436^41095^27899^76715^159980^62551^26007^21353^45747^143197^10419^105901^614963^0^0^0^0^628899^-190000^5^-100.00^12936830^27^13^0^0^0^188850^0^0
2026-02-20 10:24:05.232583,0|H0STASP0|001|005930^122405^0^188900^189000^189100^189200^189300^189400^189500^189600^189700^189800^188800^188700^188600^188500^188400^188300^188200^188100^188000^187900^7031^18392^6449^20333^1000^3675^26106^1729^7711^13436^17877^48401^76716^160028^62551^26007^21355^45747^143197^10419^105862^612298^0^0^0^0^628899^-190000^5^-100.00^12936959^-39^7^0^0^0^188850^0^0
2026-02-20 10:24:05.425766,0|H0STASP0|001|005930^122405^0^188900^189000^189100^189200^189300^189400^189500^189600^189700^189800^188800^188700^188600^188500^188400^188300^188200^188100^188000^187900^6997^18392^6440^20333^1000^3675^26106^1729^7711^13436^17843^48415^76731^160017^62552^26007^21355^45747^143197^10419^105819^612283^0^0^0^0^628899^-190000^5^-100.00^12937097^29^-40^0^0^0^188850^0^0
2026-02-20 10:24:05.635871,0|H0STASP0|001|005930^122405^0^188900^189000^189100^189200^189300^189400^189500^189600^189700^189800^188800^188700^188600^188500^188400^188300^188200^188100^188000^187900^6896^18392^6440^20333^1000^3675^26106^1729^7711^13436^18467^48468^76731^160004^62552^26007^21355^45747^143210^10419^105718^612960^0^0^0^0^628899^-190000^5^-100.00^12937205^-100^95^0^0^0^188850^0^0
2026-02-20 10:24:05.845739,0|H0STASP0|001|005930^122405^0^188900^189000^189100^189200^189300^189400^189500^189600^189700^189800^188800^188700^188600^188500^188400^188300^188200^188100^188000^187900^6861^18392^6440^20333^1000^3675^26106^1729^7711^13436^18706^48470^76751^159955^62552^26057^21355^45747^143210^10419^105683^613222^0^0^0^0^628899^-190000^5^-100.00^12937247^-12^204^0^0^0^188850^0^0
2026-02-20 10:24:06.056190,0|H0STASP0|001|005930^122405^0^188900^189000^189100^189200^189300^189400^189500^189600^189700^189800^188800^188700^188600^188500^188400^188300^188200^188100^188000^187900^6880^18392^6411^20334^1000^3675^26106^1729^7711^13436^18683^48473^76751^159985^62552^26059^21355^45747^143210^10419^105674^613234^0^0^0^0^628899^-190000^5^-100.00^12937285^0^3^0^0^0^188850^0^0
2026-02-20 10:24:06.339199,0|H0STASP0|001|005930^122406^0^188900^189000^189100^189200^189300^189400^189500^189600^189700^189800^188800^188700^188600^188500^188400^188300^188200^188100^188000^187900^6877^18392^6411^20334^1000^3675^26004^1729^7711^13437^19012^48483^76732^160007^62552^26059^21355^45747^143210^10417^105570^613574^0^0^0^0^628899^-190000^5^-100.00^12937288^0^17^0^0^0^188850^0^0
2026-02-20 10:24:06.475032,0|H0STASP0|001|005930^122406^0^188900^189000^189100^189200^189300^189400^189500^189600^189700^189800^188800^188700^188600^188500^188400^188300^188200^188100^188000^187900^5786^18392^6411^20334^1000^3675^26004^1729^7711^13437^19077^48542^76732^160052^61551^26059^21385^45752^143213^10417^104479^612780^0^0^0^0^628899^-190000^5^-100.00^12938399^-1036^-868^0^0^0^188850^0^0
2026-02-20 10:24:06.686221,0|H0STASP0|001|005930^122406^0^188900^189000^189100^189200^189300^189400^189500^189600^189700^189800^188800^188700^188600^188500^188400^188300^188200^188100^188000^187900^6177^18392^6411^20334^1000^3675^26004^1729^7711^13437^19207^48609^76732^160114^61551^26059^21385^45754^143318^10417^104870^613146^0^0^0^0^628899^-190000^5^-100.00^12938400^0^160^0^0^0^188850^0^0
2026-02-20 10:24:06.919931,0|H0STASP0|001|005930^122406^0^188900^189000^189100^189200^189300^189400^189500^189600^189700^189800^188800^188700^188600^188500^188400^188300^188200^188100^188000^187900^5829^18392^6411^20334^1000^3675^26004^1729^7711^13437^19310^48615^76732^160126^61551^26109^21385^45754^143318^10417^104522^613317^0^0^0^0^628899^-190000^5^-100.00^12938748^-147^71^0^0^0^188850^0^0
2026-02-20 10:24:07.105709,0|H0STASP0|001|005930^122406^0^188900^189000^189100^189200^189300^189400^189500^189600^189700^189800^188800^188700^188600^188500^188400^188300^188200^188100^188000^187900^5828^18392^6411^20334^1000^3675^26004^1729^7711^13437^19067^48616^76732^160126^61551^26109^21385^45754^143318^10417^104521^613075^0^0^0^0^628899^-190000^5^-100.00^12939014^0^12^0^0^0^188850^0^0
2026-02-20 10:24:07.315156,0|H0STASP0|001|005930^122407^0^188900^189000^189100^189200^189300^189400^189500^189600^189700^189800^188800^188700^188600^188500^188400^188300^188200^188100^188000^187900^5738^18392^6416^20334^1000^3675^26004^1729^7711^13437^19275^48622^76733^160130^61551^26109^21385^45754^143319^10417^104436^613295^0^0^0^0^628899^-190000^5^-100.00^12939157^-20^28^0^0^0^188850^0^0
2026-02-20 10:24:07.531585,0|H0STASP0|001|005930^122407^0^188900^189000^189100^189200^189300^189400^189500^189600^189700^189800^188800^188700^188600^188500^188400^188300^188200^188100^188000^187900^5607^18392^6416^20334^1000^3675^26004^1729^7711^13437^19291^48632^76733^160152^61551^26109^21385^45764^143319^10418^104305^613354^0^0^0^0^628899^-190000^5^-100.00^12939288^-128^42^0^0^0^188850^0^0
2026-02-20 10:24:07.737443,0|H0STASP0|001|005930^122407^0^188900^189000^189100^189200^189300^189400^189500^189600^189700^189800^188800^188700^188600^188500^188400^188300^188200^188100^188000^187900^5584^18392^6416^20334^1000^3675^26004^1729^7711^13437^19335^48626^76733^160126^61551^26109^21385^45764^143319^10418^104282^613366^0^0^0^0^628899^-190000^5^-100.00^12939340^-3^3^0^0^0^188850^0^0
2026-02-20 10:24:08.007559,0|H0STASP0|001|005930^122407^0^188900^189000^189100^189200^189300^189400^189500^189600^189700^189800^188800^188700^188600^188500^188400^188300^188200^188100^188000^187900^5577^18392^6416^20334^1000^3675^26004^1729^7711^13437^19545^48635^76733^160227^61551^26168^21385^45764^143320^10418^104275^613746^0^0^0^0^628899^-190000^5^-100.00^12939347^-3^385^0^0^0^188850^0^0
2026-02-20 10:24:08.160934,0|H0STASP0|001|005930^122408^0^188900^189000^189100^189200^189300^189400^189500^189600^189700^189800^188800^188700^188600^188500^188400^188300^188200^188100^188000^187900^5561^18392^6389^20334^1000^3675^26004^1729^7711^13437^19586^48638^76733^160228^61549^26168^21387^45764^143320^10418^104232^613791^0^0^0^0^628899^-190000^5^-100.00^12939363^-6^40^0^0^0^188850^0^0
2026-02-20 10:24:08.416011,0|H0STASP0|001|005930^122408^0^188900^189000^189100^189200^189300^189400^189500^189600^189700^189800^188800^188700^188600^188500^188400^188300^188200^188100^188000^187900^5660^18392^6389^20334^1000^3675^26004^1729^7711^13437^19597^48652^76733^160264^61549^26168^21387^45764^143354^10418^104331^613886^0^0^0^0^628899^-190000^5^-100.00^12939379^-1^51^0^0^0^188850^0^0
2026-02-20 10:24:08.580672,0|H0STASP0|001|005930^122408^0^188900^189000^189100^189200^189300^189400^189500^189600^189700^189800^188800^188700^188600^188500^188400^188300^188200^188100^188000^187900^5789^18392^6389^20334^1000^3675^26230^1475^7712^13437^19672^48420^76977^160267^61549^26168^21387^45764^143354^10418^104433^613976^0^0^0^0^628899^-190000^5^-100.00^12939430^-3^58^0^0^0^188850^0^0
2026-02-20 10:24:08.792680,0|H0STASP0|001|005930^122408^0^188900^189000^189100^189200^189300^189400^189500^189600^189700^189800^188800^188700^188600^188500^188400^188300^188200^188100^188000^187900^5784^18392^6389^20334^1000^3675^26230^1475^7712^13437^19792^48430^76953^160222^61549^26168^21386^45764^143354^10418^104428^614036^0^0^0^0^628899^-190000^5^-100.00^12939435^-5^60^0^0^0^188850^0^0
2026-02-20 10:24:09.046351,0|H0STASP0|001|005930^122408^0^188900^189000^189100^189200^189300^189400^189500^189600^189700^189800^188800^188700^188600^188500^188400^188300^188200^188100^188000^187900^5701^18392^6389^20334^1000^3675^26230^1475^7712^13437^19849^48431^76951^160233^61547^26167^21436^45764^143355^10418^104345^614151^0^0^0^0^628899^-190000^5^-100.00^12939527^0^15^0^0^0^188850^0^0
2026-02-20 10:24:09.214173,0|H0STASP0|001|005930^122409^0^188900^189000^189100^189200^189300^189400^189500^189600^189700^189800^188800^188700^188600^188500^188400^188300^188200^188100^188000^187900^5621^18392^6423^20334^1000^3675^26230^1475^7712^13437^19960^48436^76968^160267^61552^26161^21437^45789^143355^10419^104299^614344^0^0^0^0^628899^-190000^5^-100.00^12939607^26^64^0^0^0^188850^0^0
2026-02-20 10:24:09.432876,0|H0STASP0|001|005930^122409^0^188900^189000^189100^189200^189300^189400^189500^189600^189700^189800^188800^188700^188600^188500^188400^188300^188200^188100^188000^187900^5586^18392^6423^20334^1000^3675^26230^1475^7712^13437^19952^48537^76968^160222^61551^26161^21437^45808^143355^10419^104264^614410^0^0^0^0^628899^-190000^5^-100.00^12939642^-26^62^0^0^0^188850^1^2
2026-02-20 10:24:09.638228,0|H0STASP0|001|005930^122409^0^188900^189000^189100^189200^189300^189400^189500^189600^189700^189800^188800^188700^188600^188500^188400^188300^188200^188100^188000^187900^5479^11392^13426^20334^1000^3675^26230^1475^7712^13437^43391^28072^76967^160214^61551^26161^21437^45808^143405^10419^104160^617425^0^0^0^0^628899^-190000^5^-100.00^12939749^-104^3015^0^0^0^188850^1^2
2026-02-20 10:24:09.899168,0|H0STASP0|001|005930^122409^0^188900^189000^189100^189200^189300^189400^189500^189600^189700^189800^188800^188700^188600^188500^188400^188300^188200^188100^188000^187900^5440^11441^13426^20334^1048^3675^26230^1475^7712^13437^43529^28218^76667^160215^61569^26161^21437^45808^143407^10419^104218^617430^0^0^0^0^628899^-190000^5^-100.00^12939788^23^-50^0^0^0^188850^1^2
2026-02-20 10:24:10.067299,0|H0STASP0|001|005930^122410^0^188900^189000^189100^189200^189300^189400^189500^189600^189700^189800^188800^188700^188600^188500^188400^188300^188200^188100^188000^187900^5330^11377^13426^20334^1048^3675^26230^1475^7712^13437^43651^28225^76654^160216^61567^26161^21437^45808^143408^10420^104044^617547^0^0^0^0^628899^-190000^5^-100.00^12939898^-36^15^0^0^0^188850^11^2
2026-02-20 10:24:10.298049,0|H0STASP0|001|005930^122410^0^188900^189000^189100^189200^189300^189400^189500^189600^189700^189800^188800^188700^188600^188500^188400^188300^188200^188100^188000^187900^5210^11377^13426^20334^1048^3675^26230^1475^7712^13437^43676^28229^76654^160218^61567^26161^21437^45808^143408^10420^103924^617578^0^0^0^0^628899^-190000^5^-100.00^12940018^-120^31^0^0^0^188850^11^2
2026-02-20 10:24:10.514406,0|H0STASP0|001|005930^122410^0^188900^189000^189100^189200^189300^189400^189500^189600^189700^189800^188800^188700^188600^188500^188400^188300^188200^188100^188000^187900^5197^11378^13426^20334^1048^3679^26230^1475^7712^13437^43693^28256^76660^160230^61567^26161^21407^45808^143408^10420^103916^617610^0^0^0^0^628899^-190000^5^-100.00^12940029^1^14^0^0^0^188850^11^2
2026-02-20 10:24:10.713530,0|H0STASP0|001|005930^122410^0^188900^189000^189100^189200^189300^189400^189500^189600^189700^189800^188800^188700^188600^188500^188400^188300^188200^188100^188000^187900^5196^11378^13426^20334^1048^3679^26230^1475^7712^13437^43708^28248^76660^160263^61567^26161^21407^45808^143408^10420^103915^617650^0^0^0^0^628899^-190000^5^-100.00^12940030^-1^30^0^0^0^188850^11^2
2026-02-20 10:24:10.930293,0|H0STASP0|001|005930^122410^0^188900^189000^189100^189200^189300^189400^189500^189600^189700^189800^188800^188700^188600^188500^188400^188300^188200^188100^188000^187900^5121^11378^13426^20336^1048^3679^26230^1475^7712^13437^43724^28294^76666^160343^61567^26161^21407^45808^143418^10420^103842^617808^0^0^0^0^628899^-190000^5^-100.00^12940111^-77^52^0^0^0^188850^11^2
2026-02-20 10:24:11.118377,0|H0STASP0|001|005930^122411^0^188900^189000^189100^189200^189300^189400^189500^189600^189700^189800^188800^188700^188600^188500^188400^188300^188200^188100^188000^187900^5118^11378^13426^20336^1048^3679^26230^1475^7712^13437^43854^28305^76666^160339^61577^26161^21407^45808^143418^10420^103839^617955^0^0^0^0^628899^-190000^5^-100.00^12940114^-3^20^0^0^0^188850^11^2
2026-02-20 10:24:11.440235,0|H0STASP0|001|005930^122411^0^188900^189000^189100^189200^189300^189400^189500^189600^189700^189800^188800^188700^188600^188500^188400^188300^188200^188100^188000^187900^5037^11378^13426^20336^1048^3679^26230^1475^7712^13437^43888^28306^76666^160369^61578^26162^21407^45807^143418^10420^103758^618021^0^0^0^0^628899^-190000^5^-100.00^12940195^-81^66^0^0^0^188850^11^2
2026-02-20 10:24:11.555697,0|H0STASP0|001|005930^122411^0^188900^189000^189100^189200^189300^189400^189500^189600^189700^189800^188800^188700^188600^188500^188400^188300^188200^188100^188000^187900^4503^11378^13426^20336^1048^3679^26230^1475^7712^13453^44418^28349^76666^159789^61568^26162^21407^45807^143418^10420^103240^618004^0^0^0^0^628899^-190000^5^-100.00^12940729^-2^27^0^0^0^188850^11^2
2026-02-20 10:24:11.760178,0|H0STASP0|001|005930^122411^0^188900^189000^189100^189200^189300^189400^189500^189600^189700^189800^188800^188700^188600^188500^188400^188300^188200^188100^188000^187900^4785^11378^13426^20336^1048^3679^26230^1475^7712^13453^44527^28448^76666^159791^61570^26210^21407^45807^143422^10420^103522^618268^0^0^0^0^628899^-190000^5^-100.00^12940734^285^155^0^0^0^188850^11^2
2026-02-20 10:24:12.000094,0|H0STASP0|001|005930^122411^0^188900^189000^189100^189200^189300^189400^189500^189600^189700^189800^188800^188700^188600^188500^188400^188300^188200^188100^188000^187900^4794^11378^13426^20336^1048^3679^26230^1475^7712^13453^42698^28481^76696^160049^61555^26210^21407^45807^143422^10420^103531^616745^0^0^0^0^628899^-190000^5^-100.00^12942770^21^-1746^0^0^0^188850^0^0
2026-02-20 10:24:12.182891,0|H0STASP0|001|005930^122412^0^188900^189000^189100^189200^189300^189400^189500^189600^189700^189800^188800^188700^188600^188500^188400^188300^188200^188100^188000^187900^5093^11378^13426^20336^1048^3679^26230^1475^7712^13510^42948^28494^76696^160055^61554^26210^21407^45807^143424^10420^103887^617015^0^0^0^0^628899^-190000^5^-100.00^12942784^290^87^0^0^0^188850^0^0
2026-02-20 10:24:12.394262,0|H0STASP0|001|005930^122412^0^188900^189000^189100^189200^189300^189400^189500^189600^189700^189800^188800^188700^188600^188500^188400^188300^188200^188100^188000^187900^5089^11378^13426^20336^1048^3679^26230^1475^7712^13510^42159^28546^76697^160060^61554^26210^21407^45807^143424^10420^103883^616284^0^0^0^0^628899^-190000^5^-100.00^12943636^1^25^0^0^0^188850^0^0
2026-02-20 10:24:12.601254,0|H0STASP0|001|005930^122412^0^188900^189000^189100^189200^189300^189400^189500^189600^189700^189800^188800^188700^188600^188500^188400^188300^188200^188100^188000^187900^5020^11378^13426^20336^1048^3679^26230^1475^7712^13510^42336^28673^76700^159883^61554^26210^21407^45807^143418^10420^103814^616408^0^0^0^0^628899^-190000^5^-100.00^12943709^-32^208^0^0^0^188850^0^0
2026-02-20 10:24:12.813742,0|H0STASP0|001|005930^122412^0^188900^189000^189100^189200^189300^189400^189500^189600^189700^189800^188800^188700^188600^188500^188400^188300^188200^188100^188000^187900^4938^11378^13426^20336^1048^3679^26230^1475^7712^13510^42539^28746^76700^159896^61554^26210^21407^45807^143418^10420^103732^616697^0^0^0^0^628899^-190000^5^-100.00^12943791^-15^273^0^0^0^188850^0^0
2026-02-20 10:24:13.069098,0|H0STASP0|001|005930^122412^0^188900^189000^189100^189200^189300^189400^189500^189600^189700^189800^188800^188700^188600^188500^188400^188300^188200^188100^188000^187900^4803^11378^13426^20336^1048^3679^26229^1475^7712^13510^42604^28723^76703^159596^61555^26220^21407^45907^143418^10420^103596^616553^0^0^0^0^628899^-190000^5^-100.00^12943926^-110^-289^0^0^0^188850^0^0
2026-02-20 10:24:13.237928,0|H0STASP0|001|005930^122413^0^188900^189000^189100^189200^189300^189400^189500^189600^189700^189800^188800^188700^188600^188500^188400^188300^188200^188100^188000^187900^4769^11378^13426^20336^1048^3679^26229^1475^7712^13510^42874^28734^76703^159596^61555^26220^21407^45907^143418^10420^103562^616834^0^0^0^0^628899^-190000^5^-100.00^12943961^1^319^0^0^0^188850^0^0
2026-02-20 10:24:13.450277,0|H0STASP0|001|005930^122413^0^188900^189000^189100^189200^189300^189400^189500^189600^189700^189800^188800^188700^188600^188500^188400^188300^188200^188100^188000^187900^4737^11378^13426^20336^1048^3679^26229^1475^7712^13510^42880^28733^76703^159604^61555^26220^21407^45907^143418^10420^103530^616847^0^0^0^0^628899^-190000^5^-100.00^12943993^-27^8^0^0^0^188850^0^0
2026-02-20 10:24:13.660129,0|H0STASP0|001|005930^122413^0^188900^189000^189100^189200^189300^189400^189500^189600^189700^189800^188800^188700^188600^188500^188400^188300^188200^188100^188000^187900^4343^11378^13426^20336^1049^3679^26229^1475^7712^13510^42891^28788^76754^159604^61555^26220^21407^45907^143418^10420^103137^616964^0^0^0^0^628899^-190000^5^-100.00^12944387^-309^63^0^0^0^188850^0^0
2026-02-20 10:24:13.869882,0|H0STASP0|001|005930^122413^0^188900^189000^189100^189200^189300^189400^189500^189600^189700^189800^188800^188700^188600^188500^188400^188300^188200^188100^188000^187900^4316^11378^13426^20336^1049^3679^26229^1475^7712^13510^42965^28803^76753^159670^61555^26220^21407^45907^143418^10420^103110^617118^0^0^0^0^628899^-190000^5^-100.00^12944416^-16^71^0^0^0^188850^0^0
2026-02-20 10:24:14.094884,0|H0STASP0|001|005930^122414^0^188900^189000^189100^189200^189300^189400^189500^189600^189700^189800^188800^188700^188600^188500^188400^188300^188200^188100^188000^187900^4452^11378^13426^20336^1049^3679^26229^1475^7712^13510^43132^28767^77304^159680^61578^26220^21407^45907^143418^10423^103246^617836^0^0^0^0^628899^-190000^5^-100.00^12944457^175^504^0^0^0^188850^5^2
2026-02-20 10:24:14.289433,0|H0STASP0|001|005930^122414^0^188900^189000^189100^189200^189300^189400^189500^189600^189700^189800^188800^188700^188600^188500^188400^188300^188200^188100^188000^187900^4451^11378^13426^20336^1049^3679^26229^1475^7712^13510^43199^28813^77304^159664^61578^26220^21427^45907^143418^10423^103245^617953^0^0^0^0^628899^-190000^5^-100.00^12944460^-1^117^0^0^0^188850^5^2
2026-02-20 10:24:14.615186,0|H0STASP0|001|005930^122414^0^188900^189000^189100^189200^189300^189400^189500^189600^189700^189800^188800^188700^188600^188500^188400^188300^188200^188100^188000^187900^7050^14741^7425^20336^1049^3679^26229^1475^7712^13510^22787^49282^77314^159719^61528^26220^21429^45907^143418^10423^103206^618027^0^0^0^0^628899^-190000^5^-100.00^12944495^-10^65^0^0^0^188850^0^0
2026-02-20 10:24:14.756472,0|H0STASP0|001|005930^122414^0^188900^189000^189100^189200^189300^189400^189500^189600^189700^189800^188800^188700^188600^188500^188400^188300^188200^188100^188000^187900^684^16919^6424^20336^1049^3679^26229^1475^7712^13510^19810^49287^77414^159720^61534^26220^21429^45927^143408^10423^98017^615172^0^0^0^0^628899^-190000^5^-100.00^12949689^490^190^0^0^0^188850^44^1
2026-02-20 10:24:14.921851,0|H0STASP0|001|005930^122414^0^188900^189000^189100^189200^189300^189400^189500^189600^189700^189800^188800^188700^188600^188500^188400^188300^188200^188100^188000^187900^685^18270^6424^20336^1049^3679^26229^1475^7712^13510^19813^49292^77415^159723^61535^26220^21429^45927^143408^10423^99369^615185^0^0^0^0^628899^-190000^5^-100.00^12949727^1351^2^0^0^0^188850^6^1
2026-02-20 10:24:15.132409,0|H0STASP0|001|005930^122415^0^188900^189000^189100^189200^189300^189400^189500^189600^189700^189800^188800^188700^188600^188500^188400^188300^188200^188100^188000^187900^536^18810^6424^20336^1049^3679^26229^1475^7712^13510^19938^49283^77415^159823^61520^26220^21429^45927^143408^10423^99760^615386^0^0^0^0^628899^-190000^5^-100.00^12949902^397^174^0^0^0^188850^0^0
2026-02-20 10:24:15.624763,0|H0STASP0|001|005930^122415^0^188900^189000^189100^189200^189300^189400^189500^189600^189700^189800^188800^188700^188600^188500^188400^188300^188200^188100^188000^187900^486^20246^6424^20336^1049^3679^26229^1475^7712^13510^20008^49365^77415^159821^61520^26223^21430^45927^143408^10423^101146^615540^0^0^0^0^628899^-190000^5^-100.00^12949952^1413^89^0^0^0^188850^0^0
2026-02-20 10:24:15.731087,0|H0STASP0|001|005930^122415^0^188900^189000^189100^189200^189300^189400^189500^189600^189700^189800^188800^188700^188600^188500^188400^188300^188200^188100^188000^187900^484^20246^6424^20336^1049^3679^26229^1475^7712^13510^20013^49394^77415^159811^61520^26223^21430^45937^143408^10423^101144^615574^0^0^0^0^628899^-190000^5^-100.00^12949954^-2^34^0^0^0^188850^0^0
2026-02-20 10:24:15.837033,0|H0STASP0|001|005930^122415^0^188900^189000^189100^189200^189300^189400^189500^189600^189700^189800^188800^188700^188600^188500^188400^188300^188200^188100^188000^187900^469^20459^6424^20336^1049^3679^26229^1475^7712^13510^20080^49405^77405^159781^61519^26223^21430^45946^143408^10428^101342^615625^0^0^0^0^628899^-190000^5^-100.00^12949969^-1^20^0^0^0^188850^2^2
2026-02-20 10:24:15.997453,0|H0STASP0|001|005930^122415^0^188900^189000^189100^189200^189300^189400^189500^189600^189700^189800^188800^188700^188600^188500^188400^188300^188200^188100^188000^187900^465^20800^6424^20336^1049^3679^26229^1475^7712^13510^20125^49404^77405^159787^61525^26223^21440^45946^143408^10428^101679^615691^0^0^0^0^628899^-190000^5^-100.00^12949975^203^5^0^0^0^188850^2^2
2026-02-20 10:24:16.190558,0|H0STASP0|001|005930^122416^0^188900^189000^189100^189200^189300^189400^189500^189600^189700^189800^188800^188700^188600^188500^188400^188300^188200^188100^188000^187900^465^20800^6424^20336^1049^3679^26229^1475^7732^13510^20221^49407^77401^159791^61525^26223^21442^45946^143413^10428^101699^615797^0^0^0^0^628899^-190000^5^-100.00^12949975^20^79^0^0^0^188850^2^2
2026-02-20 10:24:16.400059,0|H0STASP0|001|005930^122416^0^188900^189000^189100^189200^189300^189400^189500^189600^189700^189800^188800^188700^188600^188500^188400^188300^188200^188100^188000^187900^464^20800^6424^20336^1049^3679^26229^1475^7732^13510^20465^49402^77402^159807^61525^26223^21442^45946^143413^10429^101698^616054^0^0^0^0^628899^-190000^5^-100.00^12949976^0^174^0^0^0^188850^2^2
2026-02-20 10:24:16.645662,0|H0STASP0|001|005930^122416^0^188900^189000^189100^189200^189300^189400^189500^189600^189700^189800^188800^188700^188600^188500^188400^188300^188200^188100^188000^187900^457^20800^6424^20336^1049^3679^26229^1475^7732^13510^20504^49411^77422^159813^61525^26223^21442^45946^143414^10429^101691^616129^0^0^0^0^628899^-190000^5^-100.00^12950004^-25^40^0^0^0^188850^2^2
2026-02-20 10:24:16.819891,0|H0STASP0|001|005930^122416^0^188900^189000^189100^189200^189300^189400^189500^189600^189700^189800^188800^188700^188600^188500^188400^188300^188200^188100^188000^187900^449^20800^6424^20336^1049^3679^26229^1475^7732^13510^20710^49421^77422^159812^61525^26223^21442^45946^143414^10429^101683^616344^0^0^0^0^628899^-190000^5^-100.00^12950020^-16^10^0^0^0^188850^2^2
2026-02-20 10:24:17.030397,0|H0STASP0|001|005930^122416^0^188900^189000^189100^189200^189300^189400^189500^189600^189700^189800^188800^188700^188600^188500^188400^188300^188200^188100^188000^187900^385^20800^6424^20336^1049^3679^26229^1475^7732^13510^20774^49413^77431^159819^61525^26223^21442^45946^143414^10429^101619^616416^0^0^0^0^628899^-190000^5^-100.00^12950084^-64^-2^0^0^0^188850^2^2
2026-02-20 10:24:17.239949,0|H0STASP0|001|005930^122417^0^188900^189000^189100^189200^189300^189400^189500^189600^189700^189800^188800^188700^188600^188500^188400^188300^188200^188100^188000^187900^1118^21406^6424^20336^1049^3679^26229^1475^7732^13510^20696^49413^77430^159893^61524^26223^21442^45946^143414^10429^102958^616410^0^0^0^0^628899^-190000^5^-100.00^12950491^-1269^5^0^0^0^188850^86^1
2026-02-20 10:24:17.448401,0|H0STASP0|001|005930^122417^0^188900^189000^189100^189200^189300^189400^189500^189600^189700^189800^188800^188700^188600^188500^188400^188300^188200^188100^188000^187900^1118^21406^6424^20339^1049^3679^26229^1475^7732^13510^20872^49455^77461^159905^61527^26242^21443^45946^143370^10429^102961^616650^0^0^0^0^628899^-190000^5^-100.00^12950546^3^239^0^0^0^188850^31^1
2026-02-20 10:24:17.694427,0|H0STASP0|001|005930^122417^0^188900^189000^189100^189200^189300^189400^189500^189600^189700^189800^188800^188700^188600^188500^188400^188300^188200^188100^188000^187900^1118^21406^6424^20339^1049^3679^26229^1475^7732^13510^20894^49484^77461^159905^61528^26242^21443^45946^143364^10429^102961^616696^0^0^0^0^628899^-190000^5^-100.00^12950558^0^25^0^0^0^188850^19^1
2026-02-20 10:24:17.876628,0|H0STASP0|001|005930^122417^0^188900^189000^189100^189200^189300^189400^189500^189600^189700^189800^188800^188700^188600^188500^188400^188300^188200^188100^188000^187900^1135^21229^6451^20339^1049^3679^26229^1475^7732^13510^20905^49502^77462^159947^61528^26242^21443^45946^143364^10429^102828^616768^0^0^0^0^628899^-190000^5^-100.00^12950599^20^29^0^0^0^188850^0^0
2026-02-20 10:24:18.088963,0|H0STASP0|001|005930^122418^0^188900^189000^189100^189200^189300^189400^189500^189600^189700^189800^188800^188700^188600^188500^188400^188300^188200^188100^188000^187900^659^21092^6451^20339^1049^3679^26229^1475^7732^13510^19651^49508^77463^159950^61529^26242^21443^45947^143366^10429^102215^615528^0^0^0^0^628899^-190000^5^-100.00^12952391^-602^22^0^0^0^188850^0^0
2026-02-20 10:24:18.290397,0|H0STASP0|001|005930^122418^0^188900^189000^189100^189200^189300^189400^189500^189600^189700^189800^188800^188700^188600^188500^188400^188300^188200^188100^188000^187900^550^21092^6451^20339^1049^3679^26229^1475^7732^13510^19733^49494^77463^159303^61529^26248^21443^45947^143316^10429^102106^614905^0^0^0^0^628899^-190000^5^-100.00^12952500^-109^-22^0^0^0^188850^0^0
2026-02-20 10:24:18.501016,0|H0STASP0|001|005930^122418^0^188900^189000^189100^189200^189300^189400^189500^189600^189700^189800^188800^188700^188600^188500^188400^188300^188200^188100^188000^187900^514^21092^6451^20339^1049^3679^26229^1475^7732^13510^19741^49494^77463^159303^61582^26248^21443^45947^143316^10429^102070^614966^0^0^0^0^628899^-190000^5^-100.00^12952561^-36^61^0^0^0^188850^0^0
2026-02-20 10:24:18.804853,0|H0STASP0|001|005930^122418^0^188900^189000^189100^189200^189300^189400^189500^189600^189700^189800^188800^188700^188600^188500^188400^188300^188200^188100^188000^187900^476^21192^6451^20339^1049^3679^26229^1488^7732^13510^19765^49791^77459^159303^61582^26248^21443^45947^143391^10429^102145^615358^0^0^0^0^628899^-190000^5^-100.00^12952599^0^52^0^0^0^188850^1^2
2026-02-20 10:24:18.925739,0|H0STASP0|001|005930^122418^0^188900^189000^189100^189200^189300^189400^189500^189600^189700^189800^188800^188700^188600^188500^188400^188300^188200^188100^188000^187900^455^21192^6451^20339^1049^3679^26229^1488^7732^13510^19861^49796^77459^159319^61582^26248^21443^45947^143412^10429^102124^615496^0^0^0^0^628899^-190000^5^-100.00^12952620^-9^25^0^0^0^188850^1^2
2026-02-20 10:24:19.131093,0|H0STASP0|001|005930^122419^0^188900^189000^189100^189200^189300^189400^189500^189600^189700^189800^188800^188700^188600^188500^188400^188300^188200^188100^188000^187900^386^21192^6462^20339^1049^3679^26229^1488^7732^13510^19895^49800^77464^159318^61582^26248^21443^45947^143412^10429^102066^615538^0^0^0^0^628899^-190000^5^-100.00^12952696^7^38^0^0^0^188850^0^0
2026-02-20 10:24:19.343066,0|H0STASP0|001|005930^122419^0^188900^189000^189100^189200^189300^189400^189500^189600^189700^189800^188800^188700^188600^188500^188400^188300^188200^188100^188000^187900^364^21192^6462^20339^1049^3679^26229^1488^7732^13510^20069^49783^77465^159320^61592^26248^21443^45961^143424^10428^102044^615733^0^0^0^0^628899^-190000^5^-100.00^12952718^-10^169^0^0^0^188850^0^0
2026-02-20 10:24:19.580056,0|H0STASP0|001|005930^122419^0^188900^189000^189100^189200^189300^189400^189500^189600^189700^189800^188800^188700^188600^188500^188400^188300^188200^188100^188000^187900^371^21192^6444^20339^1049^3679^26229^1488^7732^13515^20053^49784^77465^159327^61592^26248^21443^45960^143424^10428^102038^615724^0^0^0^0^628899^-190000^5^-100.00^12952741^-5^-12^0^0^0^188850^0^0
2026-02-20 10:24:19.767819,0|H0STASP0|001|005930^122419^0^188900^189000^189100^189200^189300^189400^189500^189600^189700^189800^188800^188700^188600^188500^188400^188300^188200^188100^188000^187900^360^21192^6444^20339^1049^3679^26229^1488^7732^13515^20173^49791^77465^159327^61592^26248^21443^45960^143374^10428^102027^615801^0^0^0^0^628899^-190000^5^-100.00^12952752^-11^77^0^0^0^188850^0^0
2026-02-20 10:24:19.995698,0|H0STASP0|001|005930^122419^0^188900^189000^189100^189200^189300^189400^189500^189600^189700^189800^188800^188700^188600^188500^188400^188300^188200^188100^188000^187900^337^21192^6444^20339^1049^3680^26229^1488^7732^13515^20223^49788^77472^159337^61593^26248^21443^45960^143374^10428^102005^615866^0^0^0^0^628899^-190000^5^-100.00^12952778^-20^15^0^0^0^188850^0^0
2026-02-20 10:24:20.191565,0|H0STASP0|001|005930^122420^0^188900^189000^189100^189200^189300^189400^189500^189600^189700^189800^188800^188700^188600^188500^188400^188300^188200^188100^188000^187900^990^22279^6444^20339^1049^3680^26229^1488^7732^13515^20397^49788^77467^159337^61593^26243^21448^45951^143374^10428^103745^616026^0^0^0^0^628899^-190000^5^-100.00^12953171^995^138^0^0^0^188850^85^1
2026-02-20 10:24:20.404895,0|H0STASP0|001|005930^122420^0^188900^189000^189100^189200^189300^189400^189500^189600^189700^189800^188800^188700^188600^188500^188400^188300^188200^188100^188000^187900^991^22279^6489^20339^1049^3680^26229^1488^7732^13515^20540^49861^77467^159438^61599^26243^21448^45956^143380^10433^103791^616365^0^0^0^0^628899^-190000^5^-100.00^12953181^46^136^0^0^0^188850^75^1
2026-02-20 10:24:20.605539,0|H0STASP0|001|005930^122420^0^188900^189000^189100^189200^189300^189400^189500^189600^189700^189800^188800^188700^188600^188500^188400^188300^188200^188100^188000^187900^942^22279^6489^20339^1049^3730^26229^1488^7732^13515^20652^49865^77467^159502^61589^26243^21448^45957^143380^10433^103792^616536^0^0^0^0^628899^-190000^5^-100.00^12953306^0^91^0^0^0^188850^0^0
2026-02-20 10:24:20.813070,0|H0STASP0|001|005930^122420^0^188900^189000^189100^189200^189300^189400^189500^189600^189700^189800^188800^188700^188600^188500^188400^188300^188200^188100^188000^187900^966^24118^6489^20339^1049^3730^26229^1488^7732^13515^20822^49866^77467^159524^61589^26243^21448^45957^143390^10433^105655^616739^0^0^0^0^628899^-190000^5^-100.00^12953339^44^144^0^0^0^188850^0^0
2026-02-20 10:24:21.106681,0|H0STASP0|001|005930^122420^0^188900^189000^189100^189200^189300^189400^189500^189600^189700^189800^188800^188700^188600^188500^188400^188300^188200^188100^188000^187900^953^24118^6489^20339^1049^3730^26229^1488^7732^13515^20857^49916^77467^159576^61589^26243^21448^45957^143340^10433^105642^616826^0^0^0^0^628899^-190000^5^-100.00^12953352^0^26^0^0^0^188850^0^0
2026-02-20 10:24:21.242535,0|H0STASP0|001|005930^122421^0^188900^189000^189100^189200^189300^189400^189500^189600^189700^189800^188800^188700^188600^188500^188400^188300^188200^188100^188000^187900^937^24118^6489^20339^1049^3730^26229^1488^7732^13515^21316^49915^77767^159576^61589^26243^21448^45957^143340^10433^105626^617584^0^0^0^0^628899^-190000^5^-100.00^12953368^-16^758^0^0^0^188850^0^0
